Instructor ID,W Rate
T04,0.254181
T05,0.259635
T07,0.173913
T08,0.167832
T09,0.163077
T11,0.121495
T12,0.192716
T13,0.134393
T15,0.166667
T16,0.204451
T17,0.270862
T19,0.204545
