Instructor ID,Pass Rate
T04,0.551839
T05,0.592292
T07,0.623188
T08,0.676573
T09,0.650769
T11,0.691589
T12,0.673748
T13,0.747110
T15,0.736842
T16,0.662031
T17,0.633379
T19,0.727273
